{
  "before": {
    "styleLoaded": false,
    "hasKombiIcon": true,
    "kombiFeatures": 0,
    "kombiCoords": [],
    "zoom": 12.888362845106206,
    "pitch": 0,
    "loadedTiles": 0
  },
  "after": {
    "styleLoaded": true,
    "hasKombiIcon": true,
    "kombiFeatures": 2,
    "kombiCoords": [
      [
        31.044927835464478,
        -17.759997812192722
      ],
      [
        31.044927835464478,
        -17.759997812192722
      ]
    ],
    "zoom": 12.888362845106206,
    "pitch": 0,
    "loadedTiles": 0
  },
  "samples": [
    [
      -17.7498,
      31.0425,
      178
    ],
    [
      -17.756,
      31.044,
      175
    ],
    [
      -17.7625,
      31.0455,
      172
    ]
  ]
}